A,B,C,D,E,F,G,H,I,J,K,L,
 1," abadi,"" 22,"" ,"" ,"" ,"" ,"" ,"" ,"" ,"" ,"" ,"
 2," asd,"" 323,"" ,"" ,"" ,"" ,"" ,"" ,"" ,"" ,"" ,"
3 ," asd,"" 23,"","" ,"" ,"" ,"" ,"" ,"" ,"" ,"" ,"
 4," asd,"" 23,"","" ,"" ,"" ,"" ,"" ,"" ,"" ,"" ,"
 5," asd,"" 23,"","" ,"" ,"" ,"" ,"" ,"" ,"" ,"" ,"
 6," asd,"" 23,"","" ,"" ,"" ,"" ,"" ,"" ,"" ,"" ,"
 ," ,"" ,"","" ,"" ,"" ,"" ,"" ,"" ,"" ,"" ,"
 ," ,"" ,"","" ,"" ,"" ,"" ,"" ,"" ,"" ,"" ,"
 ," ,"" ,"" ,"" ,"" ,"" ,"" ,"" ,"" ,"" ,"" ,"
 ," ,"" ,"" ,"" ,"" ,"" ,"" ,"" ,"" ,"" ,"" ,"
 ," ,"" ,"" ,"" ,"" ,"" ,"" ,"" ,"" ,"" ,"" ,"
 ," ,"" ,"" ,"" ,"" ,"" ,"" ,"" ,"" ,"" ,"" ,"
 ," ,"" ,"" ,"" ,"" ,"" ,"" ,"" ,"" ,"" ,"" ,"
 ," ,"" ,"" ,"" ,"" ,"" ,"" ,"" ,"" ,"" ,"" ,"
 ," ,"" ,"" ,"" ,"" ,"" ,"" ,"" ,"" ,"" ,"" ,"
 ," ,"" ,"" ,"" ,"" ,"" ,"" ,"" ,"" ,"" ,"" ,"
 ," ,"" ,"" ,"" ,"" ,"" ,"" ,"" ,"" ,"" ,"" ,"
 ," ,"" ,"" ,"" ,"" ,"" ,"" ,"" ,"" ,"" ,"" ,"
 ," ,"" ,"" ,"" ,"" ,"" ,"" ,"" ,"" ,"" ,"" ,"
 ," ,"" ,"" ,"" ,"" ,"" ,"" ,"" ,"" ,"" ,"" ,"
 ," ,"" ,"" ,"" ,"" ,"" ,"" ,"" ,"" ,"" ,"" ,"
 ," ,"" ,"" ,"" ,"" ,"" ,"" ,"" ,"" ,"" ,"" ,"
 ," ,"" ,"" ,"" ,"" ,"" ,"" ,"" ,"" ,"" ,"" ,"
 ," ,"" ,"" ,"" ,"" ,"" ,"" ,"" ,"" ,"" ,"" ,"
 ," ,"" ,"" ,"" ,"" ,"" ,"" ,"" ,"" ,"" ,"" ,"
 ," ,"" ,"" ,"" ,"" ,"" ,"" ,"" ,"" ,"" ,"" ,"
 ," ,"" ,"" ,"" ,"" ,"" ,"" ,"" ,"" ,"" ,"" ,"
 ," ,"" ,"" ,"" ,"" ,"" ,"" ,"" ,"" ,"" ,"" ,"
 ," ,"" ,"" ,"" ,"" ,"" ,"" ,"" ,"" ,"" ,"" ,"
 ," ,"" ,"" ,"" ,"" ,"" ,"" ,"" ,"" ,"" ,"" ,"
